-- phpMyAdmin SQL Dump
-- version 5.1.1
-- https://www.phpmyadmin.net/
--
-- Хост: localhost
-- Время создания: Июн 14 2022 г., 20:11
-- Версия сервера: 10.6.5-MariaDB
-- Версия PHP: 7.4.24

SET SQL_MODE = "NO_AUTO_VALUE_ON_ZERO";
START TRANSACTION;
SET time_zone = "+00:00";


/*!40101 SET @OLD_CHARACTER_SET_CLIENT=@@CHARACTER_SET_CLIENT */;
/*!40101 SET @OLD_CHARACTER_SET_RESULTS=@@CHARACTER_SET_RESULTS */;
/*!40101 SET @OLD_COLLATION_CONNECTION=@@COLLATION_CONNECTION */;
/*!40101 SET NAMES utf8mb4 */;

--
-- База данных: `db2`
--

-- --------------------------------------------------------

--
-- Структура таблицы `actors`
--

CREATE TABLE `actors` (
  `ID_actor` int(11) NOT NULL,
  `first_name` varchar(100) NOT NULL,
  `last_name` varchar(100) NOT NULL,
  `year_of_birth` int(4) NOT NULL,
  `country_of_birth` varchar(100) NOT NULL,
  `career_start_year` int(4) NOT NULL
) ENGINE=InnoDB DEFAULT CHARSET=utf8mb3;

--
-- Дамп данных таблицы `actors`
--

INSERT INTO `actors` (`ID_actor`, `first_name`, `last_name`, `year_of_birth`, `country_of_birth`, `career_start_year`) VALUES
(1, 'Aktep', 'Gray', 1952, 'Switzerland', 1986),
(2, 'Gordon', 'Silver', 1962, 'France', 2009),
(3, 'Abraham', 'Snow', 1991, 'France', 2015),
(4, 'Daisy', 'Violet', 1964, 'Germany', 2006),
(5, 'Irene', 'Brown', 1970, 'Hungary', 1991),
(6, 'Henry', 'Sand', 1992, 'Poland', 2019),
(7, 'Edward', 'Red', 1955, 'Netherlands', 1973),
(8, 'Francis', 'Gold', 1956, 'Czech', 1981),
(9, 'Charles', 'Gray', 1953, 'Hungary', 1999),
(10, 'Helen', 'Orange', 1996, 'UK', 2017),
(11, 'Henry', 'Silver', 1988, 'Portugal', 2016),
(12, 'Grace', 'Green', 1975, 'Netherlands', 2019),
(13, 'Daniel', 'Lime', 1961, 'Switzerland', 2011),
(14, 'Christine', 'Silver', 1978, 'Netherlands', 2016),
(15, 'Evelyn', 'Green', 1968, 'Austria', 2008),
(16, 'George', 'Cyan', 1979, 'Poland', 2010),
(17, 'Daisy', 'Brown', 1957, 'Italy', 1986),
(18, 'Jane', 'Violet', 1967, 'Poland', 2016),
(19, 'Grace', 'Lime', 1976, 'Switzerland', 2004),
(20, 'Abraham', 'Pink', 1952, 'USA', 2018),
(21, 'Albert', 'Green', 1993, 'UK', 2012),
(22, 'George', 'Violet', 1982, 'Switzerland', 2017),
(23, 'Edward', 'Olive', 1999, 'Italy', 2020),
(24, 'Henry', 'Cyan', 1954, 'Portugal', 1977),
(25, 'Irene', 'White', 1980, 'UK', 1998),
(26, 'Jane', 'Gold', 2001, 'Austria', 2019),
(27, 'Emily', 'White', 1963, 'Germany', 2012),
(28, 'Harry', 'Violet', 1960, 'France', 2003),
(29, 'Florence', 'White', 1970, 'Poland', 1997),
(30, 'Henry', 'Gold', 1975, 'Austria', 1999),
(31, 'Ann', 'White', 1982, 'Czech', 2017),
(32, 'Caroline', 'Tan', 1958, 'Hungary', 1987),
(33, 'Jane', 'Gray', 1988, 'Czech', 2007),
(34, 'Jane', 'Gray', 1973, 'Austria', 2014),
(35, 'Albert', 'Green', 1976, 'France', 2017),
(36, 'Grace', 'White', 1991, 'Belgium', 2011),
(37, 'Gloria', 'Maroon', 1953, 'Spain', 1984),
(38, 'Adam', 'Lime', 1992, 'Spain', 2015),
(39, 'Albert', 'Snow', 1994, 'UK', 2018),
(40, 'Harold', 'Salmon', 1982, 'Germany', 2004),
(41, 'Henry', 'Maroon', 1978, 'UK', 2001),
(42, 'Irene', 'Plum', 1952, 'Poland', 1991),
(43, 'Harry', 'Sand', 1954, 'Germany', 2005),
(44, 'Gloria', 'Salmon', 1992, 'UK', 2012),
(45, 'Henry', 'Tan', 1973, 'UK', 2019),
(46, 'Caroline', 'Cyan', 1954, 'USA', 1985),
(47, 'Caroline', 'Cyan', 1955, 'France', 2017),
(48, 'Henry', 'Aqua', 1958, 'Italy', 1995),
(49, 'Daisy', 'Gray', 1968, 'Czech', 1989),
(50, 'Charles', 'Red', 1950, 'Italy', 1973),
(103, 'Harry', 'Cyan', 1982, 'Czech', 2010),
(104, 'Gloria', 'White', 1989, 'France', 2011),
(105, 'Florence', 'Salmon', 1972, 'Portugal', 2009),
(106, 'Irene', 'Coral', 1970, 'Portugal', 2017),
(107, 'Emily', 'Silver', 1999, 'Hungary', 2018),
(108, 'Gordon', 'Lime', 1968, 'UK', 1999),
(109, 'Albert', 'Olive', 1981, 'Spain', 2013),
(110, 'Harry', 'Snow', 1958, 'Czech', 1990),
(111, 'Henry', 'Maroon', 1973, 'Germany', 2003),
(112, 'Emily', 'Brown', 1970, 'Portugal', 2001),
(113, 'Harold', 'Scarlet', 1979, 'Hungary', 2001),
(114, 'Daniel', 'Red', 1997, 'Poland', 2016),
(115, 'Irene', 'Olive', 1963, 'Belgium', 2010),
(116, 'Daisy', 'Plum', 1972, 'Netherlands', 1994),
(117, 'Harold', 'Mustard', 1956, 'Poland', 2015),
(118, 'Harold', 'Pink', 1994, 'Italy', 2016),
(119, 'Helen', 'Cyan', 1961, 'Hungary', 2009),
(120, 'Ada', 'White', 1985, 'Netherlands', 2006),
(121, 'Abraham', 'Aqua', 1979, 'USA', 1997),
(122, 'Irene', 'Cyan', 1955, 'Portugal', 2018),
(123, 'Evelyn', 'Scarlet', 1955, 'Switzerland', 1983),
(124, 'Evelyn', 'Violet', 1960, 'Czech', 1994),
(125, 'Charles', 'Scarlet', 1993, 'Hungary', 2020),
(126, 'Christine', 'Olive', 1954, 'Hungary', 1981),
(127, 'Harry', 'White', 1972, 'Spain', 2015),
(128, 'Charles', 'Black', 1972, 'UK', 2014),
(129, 'Abraham', 'Salmon', 1975, 'UK', 2006),
(130, 'Helen', 'Cyan', 1956, 'Germany', 2008),
(131, 'Ann', 'White', 1991, 'Netherlands', 2014),
(132, 'Daniel', 'Orange', 1991, 'Hungary', 2020),
(133, 'Harold', 'Pink', 1953, 'France', 2000),
(134, 'Harold', 'Yellow', 1992, 'Czech', 2019),
(135, 'Abraham', 'Scarlet', 1956, 'Belgium', 1987),
(136, 'Adam', 'White', 1985, 'Austria', 2014),
(137, 'Charles', 'Violet', 1998, 'Austria', 2019),
(138, 'Abraham', 'Pink', 1983, 'France', 2020),
(139, 'Francis', 'Snow', 1967, 'Poland', 1992),
(140, 'Christine', 'Aqua', 1976, 'Netherlands', 2001),
(141, 'Edward', 'Black', 1957, 'France', 1994),
(142, 'Albert', 'Maroon', 1998, 'Switzerland', 2018),
(143, 'Henry', 'Violet', 1994, 'France', 2019),
(144, 'Gloria', 'Plum', 2001, 'Germany', 2019),
(145, 'Abraham', 'Olive', 1992, 'Portugal', 2020),
(146, 'Ada', 'Mustard', 1999, 'Hungary', 2018),
(147, 'Grace', 'Cyan', 1993, 'Czech', 2012),
(148, 'Evelyn', 'Plum', 1977, 'Poland', 2016),
(149, 'Daniel', 'Gold', 1992, 'Belgium', 2019),
(150, 'Edward', 'Orange', 1960, 'Belgium', 2014),
(151, 'Harold', 'Snow', 1970, 'Switzerland', 2018),
(152, 'Florence', 'Snow', 1955, 'Italy', 1999),
(153, 'Albert', 'Green', 1998, 'UK', 2018),
(154, 'Abraham', 'Scarlet', 1996, 'Netherlands', 2016),
(155, 'Irene', 'Plum', 1953, 'Germany', 2007),
(156, 'Henry', 'Silver', 1990, 'UK', 2013),
(157, 'Gloria', 'Red', 1988, 'Hungary', 2012),
(158, 'Emily', 'Violet', 2000, 'USA', 2019),
(159, 'Gordon', 'Lime', 1985, 'Hungary', 2003),
(160, 'Albert', 'Black', 1996, 'Germany', 2018),
(161, 'Gloria', 'Yellow', 1958, 'Germany', 2020),
(162, 'Edward', 'Scarlet', 1986, 'Portugal', 2020),
(163, 'Francis', 'Pink', 1974, 'Switzerland', 2008),
(164, 'Evelyn', 'Lime', 1974, 'Poland', 1992),
(165, 'Emily', 'Black', 1983, 'UK', 2008),
(166, 'Daniel', 'Maroon', 1995, 'Austria', 2013),
(167, 'Edward', 'White', 1969, 'Czech', 1997),
(168, 'Harry', 'Aqua', 1984, 'Spain', 2007),
(169, 'Edward', 'Mustard', 1961, 'Czech', 1987),
(170, 'Edward', 'Plum', 1954, 'Portugal', 1972),
(171, 'Adam', 'Gray', 1986, 'Germany', 2004),
(172, 'Francis', 'White', 1969, 'Hungary', 2000),
(173, 'Ann', 'Black', 1987, 'Belgium', 2013),
(174, 'Jane', 'Coral', 1978, 'USA', 2004),
(175, 'Francis', 'Gray', 1995, 'Hungary', 2014),
(176, 'Grace', 'Olive', 1958, 'Poland', 1976),
(177, 'Francis', 'Plum', 1959, 'Spain', 2006),
(178, 'Ada', 'Scarlet', 1969, 'Italy', 2001),
(179, 'Helen', 'Gray', 1983, 'Czech', 2001),
(180, 'Abraham', 'Aqua', 1980, 'Hungary', 2004),
(181, 'Albert', 'Green', 1958, 'Spain', 2009),
(182, 'Helen', 'Snow', 1976, 'Spain', 2003),
(183, 'Harry', 'Green', 1958, 'Poland', 1992),
(184, 'George', 'Scarlet', 1978, 'Switzerland', 2012),
(185, 'Harry', 'Pink', 1954, 'USA', 2010),
(186, 'Jane', 'Pink', 1978, 'Hungary', 2003),
(187, 'Emily', 'Sand', 1977, 'Germany', 2017),
(188, 'Daisy', 'Tan', 2002, 'Germany', 2020),
(189, 'Florence', 'Mustard', 1975, 'UK', 2006),
(190, 'Ann', 'Aqua', 1986, 'Switzerland', 2005),
(191, 'Adam', 'Yellow', 1997, 'Portugal', 2016),
(192, 'Jane', 'Aqua', 1995, 'Spain', 2019),
(193, 'Edward', 'Scarlet', 1993, 'Austria', 2014),
(194, 'Francis', 'Violet', 1955, 'UK', 2018),
(195, 'Jane', 'Orange', 1982, 'France', 2003),
(196, 'Francis', 'Orange', 1989, 'Czech', 2012),
(197, 'Evelyn', 'Plum', 1984, 'UK', 2006),
(198, 'Christine', 'Mustard', 1993, 'Czech', 2011),
(199, 'Emily', 'Cyan', 1967, 'France', 1997),
(200, 'Jane', 'White', 1961, 'France', 1993),
(201, 'Grace', 'Gold', 1994, 'Austria', 2016),
(202, 'Helen', 'Orange', 1995, 'Czech', 2018),
(203, 'Florence', 'Gray', 1966, 'Italy', 1994),
(204, 'Francis', 'Plum', 1996, 'Austria', 2017),
(205, 'Gloria', 'Red', 1995, 'Austria', 2017),
(206, 'Christine', 'Gray', 1974, 'UK', 2015),
(207, 'Caroline', 'Violet', 1970, 'Italy', 2013),
(208, 'Ann', 'Silver', 1963, 'Italy', 2020),
(209, 'Albert', 'Gray', 1984, 'Germany', 2018),
(210, 'Caroline', 'Salmon', 1969, 'Italy', 2020),
(211, 'Charles', 'Brown', 1962, 'Netherlands', 2020),
(212, 'Evelyn', 'Black', 1958, 'USA', 1991),
(213, 'Albert', 'Orange', 1968, 'Poland', 2007),
(214, 'Florence', 'Black', 1971, 'France', 1997),
(215, 'Gordon', 'Pink', 1952, 'Germany', 1981),
(216, 'Charles', 'Gray', 2001, 'USA', 2020),
(217, 'Jane', 'Plum', 1997, 'UK', 2020),
(218, 'Henry', 'Gray', 1998, 'Italy', 2017),
(219, 'Jane', 'Gray', 2002, 'Belgium', 2020),
(220, 'Grace', 'Plum', 1989, 'Netherlands', 2014),
(221, 'Helen', 'Yellow', 1982, 'Czech', 2013),
(222, 'Edward', 'Cyan', 1952, 'Czech', 1999),
(223, 'Charles', 'Mustard', 1978, 'France', 2012),
(224, 'Christine', 'Pink', 1991, 'France', 2018),
(225, 'Edward', 'Gray', 1962, 'Spain', 2012),
(226, 'Ada', 'Coral', 1966, 'Switzerland', 1994),
(227, 'Albert', 'Yellow', 1952, 'Netherlands', 1993),
(228, 'Harry', 'Cyan', 1975, 'Spain', 2017),
(229, 'Evelyn', 'Tan', 1980, 'Austria', 2018),
(230, 'Irene', 'Sand', 1990, 'Portugal', 2009),
(231, 'Christine', 'Coral', 1999, 'Poland', 2017),
(232, 'Daisy', 'Snow', 1992, 'UK', 2019),
(233, 'Caroline', 'Cyan', 1988, 'UK', 2017),
(234, 'Edward', 'Green', 1997, 'Switzerland', 2018),
(235, 'Adam', 'Aqua', 1960, 'Austria', 2015),
(236, 'Harry', 'Olive', 2002, 'Portugal', 2020),
(237, 'Daisy', 'Maroon', 1962, 'France', 2010),
(238, 'Evelyn', 'Gray', 1997, 'Poland', 2016),
(239, 'Francis', 'Tan', 1993, 'Czech', 2016),
(240, 'Gordon', 'Sand', 1999, 'France', 2020),
(241, 'Francis', 'Black', 1958, 'Germany', 2006),
(242, 'Daniel', 'Olive', 1990, 'Poland', 2017),
(243, 'Irene', 'Snow', 1956, 'Austria', 2002),
(244, 'Emily', 'Silver', 1960, 'Hungary', 2004),
(245, 'Albert', 'Tan', 1977, 'Portugal', 2015),
(246, 'Jane', 'Brown', 1978, 'France', 2018),
(247, 'Daniel', 'Green', 1979, 'Italy', 2013),
(248, 'Adam', 'Pink', 1992, 'Switzerland', 2014),
(249, 'Irene', 'Silver', 1992, 'Belgium', 2017),
(250, 'Albert', 'Olive', 1967, 'Austria', 2020),
(251, 'Caroline', 'Green', 1968, 'UK', 2008),
(252, 'Ada', 'Brown', 1999, 'Switzerland', 2018),
(253, 'Christine', 'Scarlet', 1979, 'UK', 2019),
(254, 'Harold', 'Scarlet', 1985, 'Netherlands', 2007),
(255, 'Albert', 'Mustard', 1950, 'Switzerland', 1976),
(256, 'Helen', 'White', 1959, 'Portugal', 1984),
(257, 'Francis', 'Cyan', 1967, 'Hungary', 2012),
(258, 'Christine', 'Brown', 2000, 'UK', 2019),
(259, 'Christine', 'Gold', 1987, 'Belgium', 2020),
(260, 'Daisy', 'White', 1963, 'UK', 2005),
(261, 'Ada', 'Salmon', 1996, 'Switzerland', 2014),
(262, 'Daniel', 'Violet', 1950, 'Switzerland', 2010),
(263, 'Francis', 'Lime', 1971, 'Spain', 2007),
(264, 'Christine', 'Tan', 1952, 'UK', 2010),
(265, 'Helen', 'Aqua', 1961, 'Czech', 1980),
(266, 'Helen', 'Olive', 1980, 'Poland', 2007),
(267, 'Grace', 'Gold', 1998, 'France', 2016),
(268, 'Francis', 'Sand', 2001, 'Germany', 2020),
(269, 'Henry', 'White', 1950, 'France', 1997),
(270, 'George', 'Snow', 1967, 'Germany', 1996),
(271, 'Harold', 'Gold', 1957, 'Austria', 1990),
(272, 'Harry', 'Green', 1997, 'USA', 2016),
(273, 'Irene', 'Maroon', 1978, 'Czech', 2000),
(274, 'Gloria', 'Green', 1980, 'Czech', 2000),
(275, 'Evelyn', 'Lime', 1996, 'Italy', 2018),
(276, 'Henry', 'Yellow', 1998, 'Belgium', 2020),
(277, 'Ada', 'Lime', 2002, 'Switzerland', 2020),
(278, 'Helen', 'Tan', 1971, 'Spain', 2014),
(279, 'Helen', 'Plum', 1983, 'Germany', 2015),
(280, 'George', 'Salmon', 1951, 'UK', 1984),
(281, 'Harry', 'White', 1960, 'USA', 1992),
(282, 'Daisy', 'Tan', 1984, 'UK', 2005),
(283, 'Harold', 'Salmon', 1967, 'Czech', 1992),
(284, 'Grace', 'Cyan', 1960, 'Belgium', 2013),
(285, 'Jane', 'Silver', 1951, 'Czech', 2015),
(286, 'Albert', 'Tan', 1968, 'Hungary', 2011),
(287, 'Caroline', 'Cyan', 1970, 'Portugal', 1992),
(288, 'Henry', 'Black', 1962, 'Austria', 1991),
(289, 'Gordon', 'Gold', 1988, 'Czech', 2018),
(290, 'Emily', 'Coral', 1993, 'Czech', 2011),
(291, 'Harry', 'Olive', 1965, 'Spain', 2010),
(292, 'Ada', 'Sand', 2001, 'Czech', 2020),
(293, 'Adam', 'Red', 1956, 'Germany', 1991),
(294, 'Albert', 'Coral', 1982, 'Italy', 2011),
(295, 'Henry', 'Red', 1983, 'Poland', 2006),
(296, 'George', 'Lime', 1983, 'Portugal', 2015),
(297, 'Caroline', 'Coral', 2002, 'Netherlands', 2020),
(298, 'Irene', 'Pink', 1972, 'Austria', 1999),
(299, 'Daniel', 'Gold', 1954, 'Czech', 1980),
(300, 'Henry', 'Black', 1951, 'Germany', 2018),
(301, 'Jane', 'Aqua', 1993, 'Switzerland', 2019),
(302, 'Daisy', 'Maroon', 1994, 'Italy', 2020),
(303, 'Florence', 'Gold', 1968, 'Germany', 2012),
(304, 'Henry', 'Coral', 1958, 'USA', 2020),
(305, 'Caroline', 'Silver', 1966, 'Poland', 2014),
(306, 'Grace', 'Coral', 1956, 'Poland', 1981),
(307, 'Irene', 'Gray', 2000, 'Switzerland', 2020),
(308, 'Jane', 'Lime', 1964, 'UK', 2013),
(309, 'Henry', 'Salmon', 1999, 'Netherlands', 2020),
(310, 'Evelyn', 'Mustard', 1962, 'Hungary', 1999),
(311, 'Henry', 'Olive', 2001, 'Belgium', 2020),
(312, 'Adam', 'Tan', 1959, 'Netherlands', 2019),
(313, 'Charles', 'Black', 1980, 'Hungary', 2000),
(314, 'Emily', 'Gold', 1969, 'Spain', 1989),
(315, 'Ada', 'Coral', 1995, 'Netherlands', 2020),
(316, 'Daniel', 'Orange', 1969, 'Hungary', 1989),
(317, 'Francis', 'Lime', 1980, 'Italy', 2008),
(318, 'Grace', 'Red', 1991, 'Netherlands', 2012),
(319, 'Ada', 'Aqua', 1988, 'Netherlands', 2019),
(320, 'Edward', 'Snow', 1977, 'USA', 2018),
(321, 'Harry', 'Aqua', 1972, 'Poland', 1992),
(322, 'Grace', 'Cyan', 1978, 'Portugal', 2019),
(323, 'Ann', 'Plum', 1968, 'Czech', 2016),
(324, 'Henry', 'Lime', 1975, 'Netherlands', 2012),
(325, 'Charles', 'Black', 1995, 'Spain', 2015),
(326, 'Gloria', 'Black', 1966, 'Germany', 1998),
(327, 'Daisy', 'Cyan', 1985, 'Netherlands', 2020),
(328, 'Gloria', 'Black', 1992, 'Belgium', 2012),
(329, 'Evelyn', 'Mustard', 2001, 'Portugal', 2019),
(330, 'Helen', 'Lime', 1966, 'Switzerland', 2013),
(331, 'Abraham', 'Brown', 1956, 'Spain', 2009),
(332, 'Harry', 'Gray', 1982, 'Poland', 2011),
(333, 'Emily', 'Coral', 1983, 'Czech', 2010),
(334, 'Henry', 'Plum', 1994, 'USA', 2015),
(335, 'Charles', 'Violet', 1966, 'France', 1994),
(336, 'Harry', 'Sand', 1964, 'USA', 2018),
(337, 'Caroline', 'Yellow', 1997, 'Netherlands', 2015),
(338, 'Ada', 'Sand', 1990, 'Belgium', 2013),
(339, 'Evelyn', 'Pink', 1959, 'USA', 2012),
(340, 'Ada', 'Red', 1969, 'Italy', 1996),
(341, 'Florence', 'Brown', 1954, 'Switzerland', 2018),
(342, 'George', 'Pink', 1953, 'Netherlands', 2011),
(343, 'Grace', 'Maroon', 1996, 'Switzerland', 2018),
(344, 'Caroline', 'Cyan', 1975, 'USA', 1997),
(345, 'Irene', 'Olive', 1966, 'UK', 1985),
(346, 'Gordon', 'Tan', 1979, 'Austria', 2004),
(347, 'Irene', 'Lime', 1964, 'USA', 1998),
(348, 'Helen', 'Sand', 2000, 'Austria', 2018),
(349, 'Gloria', 'Gold', 1966, 'Switzerland', 1997),
(350, 'Daniel', 'Gray', 1973, 'USA', 1991),
(351, 'Daniel', 'Cyan', 1956, 'USA', 1980),
(352, 'Ann', 'Olive', 1963, 'Switzerland', 1988),
(353, 'Henry', 'Lime', 1951, 'Austria', 2019),
(354, 'Irene', 'Red', 1990, 'Belgium', 2009),
(355, 'Ada', 'Cyan', 1968, 'Germany', 1995),
(356, 'Daniel', 'Silver', 1955, 'Germany', 1981),
(357, 'Daisy', 'Sand', 1999, 'Italy', 2019),
(358, 'Edward', 'Aqua', 1981, 'France', 2004),
(359, 'Grace', 'Salmon', 1977, 'Spain', 1995),
(360, 'Charles', 'Pink', 1962, 'Switzerland', 1982),
(361, 'Harry', 'Plum', 1978, 'Switzerland', 2007),
(362, 'Ann', 'Tan', 1990, 'Spain', 2016),
(363, 'Albert', 'Sand', 1980, 'Poland', 2001),
(364, 'George', 'Coral', 1974, 'Portugal', 2009),
(365, 'Ada', 'Gold', 2002, 'Italy', 2020),
(366, 'Irene', 'Snow', 1950, 'Belgium', 2000),
(367, 'Ada', 'Aqua', 1988, 'Portugal', 2007),
(368, 'Grace', 'Mustard', 1990, 'Czech', 2010),
(369, 'Gordon', 'Coral', 1975, 'Portugal', 2015),
(370, 'Edward', 'Black', 1977, 'Hungary', 2002),
(371, 'Adam', 'Red', 1996, 'Poland', 2016),
(372, 'Irene', 'Green', 1980, 'Hungary', 2004),
(373, 'Florence', 'Green', 1966, 'Portugal', 2014),
(374, 'Charles', 'Salmon', 1953, 'Germany', 1974),
(375, 'Ann', 'Aqua', 1969, 'France', 2019),
(376, 'Ada', 'Gold', 1978, 'Netherlands', 2000),
(377, 'Evelyn', 'Green', 1952, 'Hungary', 1983),
(378, 'Adam', 'Silver', 1962, 'Czech', 1989),
(379, 'Edward', 'Plum', 1999, 'Germany', 2018),
(380, 'Abraham', 'Tan', 1984, 'Spain', 2009),
(381, 'Emily', 'Olive', 1954, 'Netherlands', 1999),
(382, 'Ada', 'Mustard', 1998, 'Italy', 2016),
(383, 'Emily', 'White', 1971, 'Italy', 1992),
(384, 'Daisy', 'Coral', 1979, 'Austria', 1997),
(385, 'Gordon', 'Maroon', 1998, 'Switzerland', 2017),
(386, 'Jane', 'Orange', 1993, 'Netherlands', 2014),
(387, 'Gordon', 'Coral', 1964, 'Hungary', 2002),
(388, 'Adam', 'Lime', 1966, 'Germany', 1990),
(389, 'Grace', 'Scarlet', 1950, 'Czech', 2014),
(390, 'Harry', 'Violet', 1989, 'Italy', 2012),
(391, 'Ann', 'Black', 1951, 'Switzerland', 2012),
(392, 'Harry', 'Scarlet', 1971, 'Spain', 2000),
(393, 'Ada', 'Sand', 1985, 'Hungary', 2003),
(394, 'Albert', 'Green', 1962, 'Italy', 2020),
(395, 'Gloria', 'Mustard', 1965, 'Portugal', 2017),
(396, 'Evelyn', 'Snow', 1974, 'Czech', 2002),
(397, 'Helen', 'Pink', 1991, 'Spain', 2014),
(398, 'Daniel', 'Olive', 1985, 'Poland', 2007),
(399, 'Ada', 'Scarlet', 1965, 'Czech', 2007),
(400, 'Ada', 'Salmon', 1963, 'Netherlands', 2007),
(401, 'Gloria', 'Green', 1993, 'Spain', 2011),
(402, 'Florence', 'Sand', 1973, 'Portugal', 2015),
(403, 'Helen', 'Maroon', 1979, 'USA', 2007),
(404, 'Emily', 'Maroon', 2000, 'Switzerland', 2018),
(405, 'Caroline', 'Green', 1995, 'Czech', 2015),
(406, 'Helen', 'Gray', 1991, 'Portugal', 2018),
(407, 'Edward', 'Salmon', 1985, 'Switzerland', 2016),
(408, 'Daisy', 'Yellow', 1957, 'Hungary', 1986),
(409, 'Christine', 'White', 1988, 'Poland', 2011),
(410, 'Daisy', 'Gold', 1971, 'Portugal', 2018),
(411, 'Charles', 'Lime', 1963, 'UK', 2006),
(412, 'Emily', 'Pink', 1984, 'Italy', 2007),
(413, 'Irene', 'Maroon', 1964, 'Hungary', 1999),
(414, 'Daisy', 'Aqua', 1972, 'Portugal', 2016),
(415, 'Harry', 'White', 1988, 'Belgium', 2013),
(416, 'Edward', 'Scarlet', 1962, 'Czech', 1983),
(417, 'Daisy', 'Brown', 1997, 'Germany', 2018),
(418, 'Evelyn', 'Orange', 1988, 'Hungary', 2020),
(419, 'Abraham', 'Gold', 1990, 'Portugal', 2014),
(420, 'Adam', 'White', 2000, 'Poland', 2018),
(421, 'Henry', 'Violet', 1978, 'Hungary', 2008),
(422, 'Harold', 'Black', 1988, 'Hungary', 2019),
(423, 'Adam', 'Mustard', 1974, 'Poland', 2016),
(424, 'Daisy', 'Coral', 1981, 'Hungary', 2001),
(425, 'Christine', 'Salmon', 1979, 'Portugal', 2012),
(426, 'Florence', 'White', 1985, 'Netherlands', 2014),
(427, 'Gloria', 'Green', 1986, 'Austria', 2008),
(428, 'Florence', 'Gold', 2001, 'Portugal', 2020),
(429, 'George', 'Mustard', 1974, 'France', 1994),
(430, 'Abraham', 'Aqua', 1987, 'Portugal', 2019),
(431, 'Albert', 'Pink', 1984, 'Italy', 2018),
(432, 'Christine', 'Pink', 1960, 'USA', 2003),
(433, 'Daisy', 'Cyan', 1994, 'Czech', 2018),
(434, 'Caroline', 'Black', 1958, 'Italy', 1979),
(435, 'Harry', 'Coral', 1974, 'Germany', 2013),
(436, 'Helen', 'Gold', 1974, 'Belgium', 2010),
(437, 'Daniel', 'Black', 1963, 'USA', 1983),
(438, 'Helen', 'Brown', 1968, 'France', 1994),
(439, 'Irene', 'Violet', 1995, 'France', 2014),
(440, 'Charles', 'Scarlet', 1955, 'Hungary', 2001),
(441, 'Emily', 'Brown', 1994, 'Germany', 2020),
(442, 'Ann', 'Olive', 1976, 'Portugal', 1997),
(443, 'Henry', 'Aqua', 1971, 'Italy', 1997),
(444, 'Francis', 'Yellow', 1959, 'France', 1987),
(445, 'Daniel', 'Lime', 1998, 'Portugal', 2019),
(446, 'Albert', 'Lime', 1956, 'Germany', 2016),
(447, 'Gordon', 'Silver', 2001, 'Portugal', 2020),
(448, 'Daisy', 'White', 1960, 'Poland', 1995),
(449, 'Ada', 'Olive', 1985, 'Poland', 2007),
(450, 'Florence', 'Lime', 1959, 'Portugal', 2002),
(451, 'Christine', 'Yellow', 1986, 'Netherlands', 2014),
(452, 'Caroline', 'White', 1967, 'Poland', 1985),
(453, 'Florence', 'Aqua', 1967, 'UK', 2015),
(454, 'Gloria', 'Olive', 1951, 'Spain', 1971),
(455, 'Edward', 'Aqua', 1950, 'Czech', 1979),
(456, 'Jane', 'Olive', 2001, 'Spain', 2020),
(457, 'Abraham', 'Red', 1981, 'Austria', 2010),
(458, 'George', 'Violet', 1993, 'Hungary', 2018),
(459, 'Harry', 'White', 1983, 'Belgium', 2011),
(460, 'Francis', 'Pink', 1997, 'France', 2019),
(461, 'Grace', 'Violet', 1951, 'USA', 1977),
(462, 'Henry', 'Red', 1984, 'Poland', 2008),
(463, 'Florence', 'Cyan', 1979, 'Italy', 2017),
(464, 'George', 'Gray', 1959, 'UK', 2002),
(465, 'Adam', 'Cyan', 1976, 'Portugal', 1999),
(466, 'Ann', 'Violet', 1986, 'UK', 2008),
(467, 'George', 'Sand', 1997, 'Portugal', 2017),
(468, 'Florence', 'Pink', 1975, 'USA', 2015),
(469, 'Edward', 'Lime', 1951, 'USA', 2014),
(470, 'Albert', 'Snow', 1985, 'Czech', 2010),
(471, 'Abraham', 'Aqua', 1972, 'Belgium', 2014),
(472, 'Gloria', 'Plum', 1980, 'Netherlands', 1998),
(473, 'George', 'Violet', 1975, 'Poland', 2017),
(474, 'Daniel', 'Maroon', 1974, 'France', 2015),
(475, 'George', 'Pink', 1963, 'Poland', 2015),
(476, 'Henry', 'Black', 1986, 'Germany', 2010),
(477, 'Jane', 'Black', 1982, 'UK', 2006),
(478, 'Francis', 'Plum', 1950, 'Hungary', 1978),
(479, 'Helen', 'Salmon', 1990, 'Austria', 2019),
(480, 'Henry', 'Brown', 1999, 'Belgium', 2017),
(481, 'Ada', 'Orange', 1956, 'Poland', 1984),
(482, 'Helen', 'Coral', 1966, 'Germany', 1989),
(483, 'Gloria', 'Snow', 1968, 'Spain', 1987),
(484, 'Grace', 'Sand', 1986, 'Italy', 2013),
(485, 'Emily', 'White', 1994, 'USA', 2014),
(486, 'Daisy', 'Snow', 1977, 'Poland', 2017),
(487, 'Christine', 'Lime', 1994, 'Czech', 2015),
(488, 'Daisy', 'Olive', 1958, 'Italy', 2017),
(489, 'Irene', 'Gray', 1964, 'Netherlands', 2008),
(490, 'Emily', 'Orange', 1967, 'UK', 1993),
(491, 'Albert', 'Mustard', 2002, 'Italy', 2020),
(492, 'George', 'Salmon', 1966, 'Netherlands', 1986),
(493, 'Abraham', 'Black', 1991, 'Poland', 2019),
(494, 'Florence', 'Cyan', 1965, 'Belgium', 2004),
(495, 'Grace', 'Salmon', 1954, 'Switzerland', 2016),
(496, 'Caroline', 'White', 1977, 'Italy', 2000),
(497, 'Florence', 'Sand', 1959, 'Switzerland', 2003),
(498, 'Francis', 'Black', 1995, 'France', 2013),
(499, 'Abraham', 'Tan', 1998, 'Poland', 2020),
(500, 'Edward', 'Lime', 1972, 'France', 1992),
(501, 'Abraham', 'Aqua', 1980, 'Netherlands', 2008),
(502, 'Jane', 'Gray', 1983, 'Austria', 2009),
(503, 'Henry', 'Cyan', 1977, 'Hungary', 2006),
(504, 'Emily', 'Maroon', 1957, 'France', 1984),
(505, 'Ada', 'Salmon', 1981, 'Germany', 2012),
(506, 'Edward', 'Coral', 1960, 'Italy', 1988),
(507, 'Francis', 'Scarlet', 1953, 'Austria', 1974),
(508, 'Helen', 'Scarlet', 1955, 'Portugal', 1986),
(509, 'Helen', 'Gold', 1975, 'Portugal', 1996),
(510, 'Christine', 'White', 1995, 'Poland', 2016),
(511, 'Florence', 'Coral', 1983, 'Switzerland', 2003),
(512, 'Ada', 'Aqua', 1987, 'Italy', 2006),
(513, 'Charles', 'Coral', 1951, 'Portugal', 1972),
(514, 'Emily', 'Brown', 1983, 'France', 2015),
(515, 'Adam', 'Orange', 1962, 'France', 1982),
(516, 'Gordon', 'Coral', 1999, 'USA', 2017),
(517, 'Albert', 'Maroon', 1975, 'Czech', 1993),
(518, 'Adam', 'Gray', 1997, 'Switzerland', 2019),
(519, 'Albert', 'Gray', 1974, 'Germany', 2005),
(520, 'Harry', 'Tan', 1976, 'USA', 1999),
(521, 'Abraham', 'Scarlet', 1994, 'Netherlands', 2016),
(522, 'Jane', 'Aqua', 1969, 'UK', 2019),
(523, 'Emily', 'Aqua', 1958, 'Germany', 1977),
(524, 'Helen', 'Brown', 1962, 'France', 2017),
(525, 'Emily', 'Green', 1981, 'Switzerland', 1999),
(526, 'Evelyn', 'Lime', 1992, 'Italy', 2013),
(527, 'Daisy', 'Sand', 1977, 'Germany', 2010),
(528, 'Abraham', 'Plum', 1992, 'Netherlands', 2013),
(529, 'Christine', 'Gray', 1969, 'Germany', 2014),
(530, 'Irene', 'Tan', 1952, 'Hungary', 1979),
(531, 'Jane', 'Tan', 1955, 'Hungary', 1995),
(532, 'Abraham', 'Violet', 1954, 'Austria', 1972),
(533, 'Ann', 'Sand', 1950, 'Austria', 1991),
(534, 'Gloria', 'Gold', 1990, 'USA', 2017),
(535, 'George', 'Plum', 1975, 'Italy', 2017),
(536, 'Florence', 'Gold', 1978, 'USA', 2000),
(537, 'Daisy', 'Silver', 1956, 'Spain', 2007),
(538, 'Ann', 'Coral', 2002, 'UK', 2020),
(539, 'Charles', 'Yellow', 1993, 'Switzerland', 2013),
(540, 'Gloria', 'White', 1965, 'Poland', 1991),
(541, 'Daniel', 'Mustard', 1987, 'Czech', 2011),
(542, 'Emily', 'Salmon', 1994, 'UK', 2012),
(543, 'Abraham', 'Coral', 1982, 'UK', 2017),
(544, 'Albert', 'Snow', 1969, 'Poland', 1997),
(545, 'Henry', 'Green', 1957, 'Italy', 1990),
(546, 'Gordon', 'Sand', 1956, 'France', 2006),
(547, 'Ada', 'Silver', 1991, 'Netherlands', 2016),
(548, 'Edward', 'Gold', 1964, 'Italy', 2020),
(549, 'Gordon', 'Violet', 1960, 'UK', 2016),
(550, 'Ann', 'Plum', 1976, 'Switzerland', 2019),
(551, 'Francis', 'Sand', 1956, 'Belgium', 2015),
(552, 'Charles', 'Red', 1952, 'Czech', 1992),
(553, 'Grace', 'Violet', 1982, 'Spain', 2009),
(554, 'Florence', 'Sand', 1986, 'France', 2010),
(555, 'Charles', 'Salmon', 1998, 'Portugal', 2017),
(556, 'Francis', 'Cyan', 1955, 'Switzerland', 2005),
(557, 'Gordon', 'Scarlet', 1985, 'Czech', 2015),
(558, 'Gordon', 'Black', 1981, 'Italy', 2010),
(559, 'Harry', 'Gold', 1963, 'Spain', 2005),
(560, 'Florence', 'Scarlet', 1996, 'Spain', 2018),
(561, 'Grace', 'Plum', 1982, 'Switzerland', 2004),
(562, 'Harold', 'Olive', 1971, 'Switzerland', 1998),
(563, 'Daisy', 'Salmon', 1963, 'USA', 1996),
(564, 'Gordon', 'Salmon', 1974, 'Spain', 2008),
(565, 'Francis', 'Yellow', 1974, 'France', 2018),
(566, 'Francis', 'Olive', 1987, 'Spain', 2006),
(567, 'Florence', 'Sand', 1975, 'Italy', 2014),
(568, 'Albert', 'Coral', 1975, 'Switzerland', 2005),
(569, 'Daisy', 'Green', 1950, 'Czech', 2018),
(570, 'Harold', 'Red', 1981, 'UK', 2000),
(571, 'Adam', 'Plum', 1996, 'USA', 2015),
(572, 'Irene', 'Pink', 1967, 'Poland', 1990),
(573, 'Adam', 'Snow', 1988, 'Portugal', 2007),
(574, 'Emily', 'Gold', 1994, 'Italy', 2015),
(575, 'Harry', 'Gray', 1973, 'USA', 2000),
(576, 'Harold', 'Sand', 1972, 'Hungary', 2000),
(577, 'Emily', 'Gray', 1990, 'Poland', 2013),
(578, 'Ada', 'Olive', 1986, 'France', 2016),
(580, 'Pasha', 'Vasilyev', 1999, 'Russia', 2019),
(581, 'Pasha', 'Vasilyev', 1999, 'Russia', 2019);

-- --------------------------------------------------------

--
-- Структура таблицы `actors_family`
--

CREATE TABLE `actors_family` (
  `ID_family` int(11) NOT NULL,
  `ID_actor` int(11) NOT NULL,
  `partner` int(1) NOT NULL,
  `children` int(12) NOT NULL
) ENGINE=InnoDB DEFAULT CHARSET=utf8mb3;

--
-- Дамп данных таблицы `actors_family`
--

INSERT INTO `actors_family` (`ID_family`, `ID_actor`, `partner`, `children`) VALUES
(307, 1, 0, 8),
(308, 2, 0, 4),
(309, 3, 0, 4),
(310, 4, 1, 4),
(311, 5, 0, 4),
(312, 6, 1, 1),
(313, 7, 0, 6),
(314, 8, 1, 2),
(315, 9, 0, 9),
(316, 10, 0, 7),
(317, 11, 0, 3),
(318, 12, 1, 3),
(319, 13, 0, 5),
(320, 14, 1, 1),
(321, 15, 1, 1),
(322, 16, 0, 2),
(323, 17, 0, 5),
(324, 18, 1, 4),
(325, 19, 0, 8),
(326, 20, 0, 5),
(327, 21, 1, 4),
(328, 22, 1, 5),
(329, 23, 1, 1),
(330, 24, 1, 3),
(331, 25, 0, 6),
(332, 26, 1, 1),
(333, 27, 1, 3),
(334, 28, 0, 5),
(335, 29, 0, 6),
(336, 30, 1, 8),
(337, 31, 1, 6),
(338, 32, 1, 10),
(339, 33, 1, 7),
(340, 34, 0, 7),
(341, 35, 0, 2),
(342, 36, 0, 10),
(343, 37, 1, 7),
(344, 38, 1, 4),
(345, 39, 1, 5),
(346, 40, 1, 9),
(347, 41, 1, 3),
(348, 42, 1, 4),
(349, 43, 0, 1),
(350, 44, 1, 10),
(351, 45, 1, 3),
(352, 46, 0, 8),
(353, 47, 0, 4),
(354, 48, 0, 9),
(355, 49, 0, 1),
(356, 50, 0, 8);

-- --------------------------------------------------------

--
-- Структура таблицы `awards`
--

CREATE TABLE `awards` (
  `ID_awards` int(11) NOT NULL,
  `ID_film` int(11) NOT NULL,
  `award` varchar(100) NOT NULL,
  `date` year(4) NOT NULL
) ENGINE=InnoDB DEFAULT CHARSET=utf8mb3;

--
-- Дамп данных таблицы `awards`
--

INSERT INTO `awards` (`ID_awards`, `ID_film`, `award`, `date`) VALUES
(1, 15, 'Cesar', 1977),
(2, 30, 'Goya', 2006),
(3, 48, 'Cesar', 2009),
(4, 16, 'Saturn', 1968),
(5, 15, 'Golden Globe', 1969),
(6, 33, 'Goya', 1988),
(7, 10, 'Saturn', 1999),
(8, 13, 'Golden Globe', 1995),
(9, 7, 'Cesar', 1978),
(10, 4, 'Goya', 1999),
(11, 35, 'Cesar', 1999),
(12, 14, 'Saturn', 1993),
(13, 28, 'Saturn', 1999),
(14, 19, 'Oscar', 2007),
(15, 39, 'Oscar', 1968),
(16, 27, 'Golden Globe', 1968),
(17, 46, 'Golden Globe', 1973),
(18, 13, 'Golden Globe', 1983),
(19, 45, 'Golden Globe', 2016),
(20, 10, 'Saturn', 1980),
(21, 22, 'Saturn', 2018),
(22, 9, 'Cesar', 2011),
(23, 11, 'Golden Globe', 1982),
(24, 26, 'Oscar', 1973),
(25, 5, 'Oscar', 1970),
(26, 5, 'Golden Globe', 1991),
(27, 50, 'Oscar', 2001),
(28, 42, 'Oscar', 1968),
(29, 22, 'Oscar', 2008),
(30, 43, 'Oscar', 2004),
(31, 24, 'Oscar', 2019),
(32, 2, 'Golden Globe', 2013),
(33, 11, 'Goya', 2008),
(34, 33, 'Cesar', 1980),
(35, 12, 'Cesar', 1971),
(36, 1, 'Goya', 1976),
(37, 34, 'Saturn', 1984),
(38, 35, 'Saturn', 2005),
(39, 5, 'Goya', 2020),
(40, 11, 'Cesar', 1996),
(41, 25, 'Saturn', 2016),
(42, 4, 'Oscar', 2001),
(43, 1, 'Cesar', 2002),
(44, 19, 'Golden Globe', 2020),
(45, 14, 'Saturn', 2014),
(46, 37, 'Saturn', 1992),
(47, 13, 'Cesar', 2011),
(48, 36, 'Oscar', 1984),
(49, 49, 'Goya', 1996),
(50, 8, 'Goya', 2013);

-- --------------------------------------------------------

--
-- Структура таблицы `films`
--

CREATE TABLE `films` (
  `ID_film` int(11) NOT NULL,
  `film_name` varchar(100) NOT NULL,
  `year_of_release` int(4) NOT NULL,
  `country_of_release` varchar(100) NOT NULL,
  `IMDb_rating` int(3) NOT NULL,
  `RT_rating` int(2) NOT NULL
) ENGINE=InnoDB DEFAULT CHARSET=utf8mb3;

--
-- Дамп данных таблицы `films`
--

INSERT INTO `films` (`ID_film`, `film_name`, `year_of_release`, `country_of_release`, `IMDb_rating`, `RT_rating`) VALUES
(1, 'BIB203', 1977, 'Switzerland', 21, 4),
(2, 'Wonderful Spring', 2015, 'Germany', 40, 2),
(3, 'Hot Heat', 2000, 'Czech', 29, 10),
(4, 'Wonderful Fall', 2008, 'UK', 22, 2),
(5, 'Magical Winter', 1974, 'Hungary', 42, 7),
(6, 'Beautiful Miami', 2000, 'Spain', 61, 1),
(7, 'Space Summer', 1981, 'Spain', 11, 5),
(8, 'Ugly Heat', 2010, 'France', 21, 9),
(9, 'Hot Heat', 2005, 'Portugal', 43, 9),
(10, 'Ugly Clerk', 1968, 'Switzerland', 49, 2),
(11, 'Space Vegas', 1999, 'Poland', 42, 1),
(12, 'Beautiful Vegas', 2010, 'Czech', 84, 9),
(13, 'Wonderful Fall', 2000, 'France', 14, 4),
(14, 'Cold Winter', 1998, 'Poland', 23, 8),
(15, 'Space New York', 2007, 'Switzerland', 79, 8),
(16, 'Trembling Vegas', 1987, 'Poland', 92, 1),
(17, 'Trembling Miami', 1995, 'France', 19, 1),
(18, 'Cold Miami', 1990, 'UK', 94, 8),
(19, 'Cold Clerk', 2015, 'Hungary', 56, 6),
(20, 'Cold New York', 2000, 'Belgium', 88, 9),
(21, 'Cold Girls', 1988, 'Portugal', 97, 10),
(22, 'Magical Girls', 1988, 'Switzerland', 40, 5),
(23, 'Cold Clerk', 2011, 'Spain', 10, 8),
(24, 'Red Summer', 2016, 'Hungary', 70, 10),
(25, 'Magical New York', 1998, 'Italy', 6, 5),
(26, 'Ugly Spring', 2005, 'USA', 4, 6),
(27, 'Magical Miami', 1989, 'UK', 57, 10),
(28, 'Red Summer', 1988, 'Poland', 16, 2),
(29, 'Cold Heat', 1979, 'UK', 54, 5),
(30, 'Space Winter', 1972, 'France', 94, 3),
(31, 'Wonderful Winter', 2008, 'Czech', 74, 9),
(32, 'Hot Fall', 2018, 'Austria', 43, 8),
(33, 'Red Heat', 2009, 'Italy', 45, 4),
(34, 'Hot Vegas', 2011, 'Austria', 71, 1),
(35, 'Cold Clerk', 1968, 'UK', 74, 6),
(36, 'Magical Spring', 2015, 'Italy', 89, 2),
(37, 'Red Fall', 1991, 'UK', 4, 5),
(38, 'Ugly Winter', 1980, 'Australia', 38, 3),
(39, 'Wonderful Girls', 2004, 'Czech', 12, 4),
(40, 'Cold Spring', 1990, 'Poland', 43, 3),
(41, 'Hot Miami', 1982, 'Poland', 78, 6),
(42, 'Red New York', 1990, 'Czech', 88, 7),
(43, 'Magical Heat', 1973, 'Spain', 62, 10),
(44, 'Ugly New York', 1983, 'Portugal', 25, 3),
(45, 'Trembling Spring', 2010, 'Switzerland', 36, 5),
(46, 'Wonderful Fall', 2014, 'Australia', 4, 4),
(47, 'Magical Clerk', 1973, 'Germany', 78, 4),
(48, 'Outraging Summer', 2017, 'Austria', 68, 10),
(49, 'Magical New York', 1976, 'Australia', 2, 6),
(50, 'Red Winter', 2001, 'Czech', 35, 9),
(103, 'Trembling Girls', 1975, 'UK', 72, 2),
(104, 'Magical Miami', 1992, 'Spain', 79, 6),
(105, 'Beautiful New York', 1983, 'Australia', 8, 3),
(106, 'Beautiful New York', 1990, 'Austria', 100, 8),
(107, 'Outraging Heat', 2005, 'Australia', 9, 9),
(108, 'Hot Heat', 1981, 'Belgium', 75, 6),
(109, 'Trembling New York', 2019, 'USA', 99, 5),
(110, 'Ugly Spring', 1981, 'France', 13, 5),
(111, 'Wonderful Girls', 2002, 'Netherlands', 45, 2),
(112, 'Ugly Summer', 2014, 'Switzerland', 25, 8),
(113, 'Trembling Clerk', 2018, 'UK', 47, 2),
(114, 'Ugly Winter', 1998, 'Austria', 49, 4),
(115, 'Outraging Spring', 1998, 'Austria', 39, 6),
(116, 'Wonderful New York', 1972, 'Germany', 53, 4),
(117, 'Ugly Summer', 1988, 'France', 97, 9),
(118, 'Magical Heat', 1976, 'UK', 87, 4),
(119, 'Trembling Winter', 2020, 'Spain', 31, 1),
(120, 'Wonderful New York', 1996, 'Austria', 15, 9),
(121, 'Beautiful Clerk', 1991, 'Switzerland', 60, 8),
(122, 'Space Heat', 2018, 'Belgium', 85, 8),
(123, 'Cold Winter', 1973, 'France', 4, 1),
(124, 'Wonderful Fall', 2007, 'Belgium', 19, 3),
(125, 'Red Fall', 2017, 'Czech', 34, 4),
(126, 'Magical New York', 2019, 'USA', 99, 4),
(127, 'Trembling Summer', 1998, 'Switzerland', 22, 3),
(128, 'Cold Winter', 1992, 'Hungary', 93, 3),
(129, 'Space Clerk', 1990, 'Spain', 79, 5),
(130, 'Beautiful Vegas', 2002, 'France', 60, 4),
(131, 'Outraging Summer', 1992, 'Belgium', 44, 7),
(132, 'Ugly Winter', 2019, 'Poland', 50, 6),
(133, 'Wonderful Miami', 2001, 'Hungary', 34, 7),
(134, 'Red Winter', 2007, 'Czech', 83, 1),
(135, 'Space Spring', 2000, 'France', 68, 7),
(136, 'Space Summer', 2018, 'France', 82, 6),
(137, 'Ugly Spring', 2004, 'Switzerland', 58, 3),
(138, 'Ugly Heat', 1994, 'Portugal', 25, 6),
(139, 'Magical Fall', 1999, 'Netherlands', 63, 4),
(140, 'Red Miami', 2006, 'Germany', 76, 6),
(141, 'Wonderful Fall', 2018, 'USA', 86, 6),
(142, 'Beautiful Winter', 1999, 'Australia', 39, 10),
(143, 'Hot Fall', 2005, 'Austria', 85, 5),
(144, 'Beautiful Fall', 1997, 'Hungary', 63, 3),
(145, 'Trembling Winter', 1978, 'Netherlands', 28, 10),
(146, 'Ugly Spring', 1979, 'Poland', 45, 7),
(147, 'Magical Fall', 2015, 'Poland', 80, 8),
(148, 'Outraging Heat', 1998, 'UK', 34, 5),
(149, 'Beautiful Spring', 2008, 'Hungary', 51, 10),
(150, 'Trembling Girls', 1988, 'Poland', 61, 8),
(151, 'Ugly Clerk', 1983, 'Australia', 56, 3),
(152, 'Magical Winter', 2014, 'Australia', 84, 7),
(153, 'Cold Girls', 1988, 'Portugal', 85, 9),
(154, 'Space Summer', 1970, 'Australia', 84, 1),
(155, 'Space Fall', 1974, 'Germany', 49, 1),
(156, 'Magical Summer', 1999, 'Czech', 4, 9),
(157, 'Space New York', 2009, 'Belgium', 8, 6),
(158, 'Ugly Clerk', 2009, 'UK', 13, 5),
(159, 'Space Miami', 1999, 'Netherlands', 64, 7),
(160, 'Wonderful New York', 2004, 'France', 93, 6),
(161, 'Red Heat', 1990, 'Australia', 19, 2),
(162, 'Beautiful Winter', 2011, 'Belgium', 52, 2),
(163, 'Cold Clerk', 1975, 'Australia', 35, 7),
(164, 'Magical New York', 2003, 'Czech', 62, 1),
(165, 'Trembling New York', 2014, 'Hungary', 97, 6),
(166, 'Wonderful Fall', 1978, 'Germany', 22, 6),
(167, 'Ugly Girls', 2019, 'Portugal', 61, 7),
(168, 'Red Vegas', 1968, 'Hungary', 43, 7),
(169, 'Hot Girls', 1989, 'Hungary', 38, 4),
(170, 'Ugly New York', 2017, 'France', 30, 5),
(171, 'Magical Clerk', 1996, 'Switzerland', 84, 5),
(172, 'Cold Miami', 2004, 'Austria', 83, 1),
(173, 'Beautiful Miami', 1998, 'Austria', 92, 5),
(174, 'Wonderful Clerk', 1991, 'UK', 95, 5),
(175, 'Outraging Winter', 2004, 'UK', 18, 5),
(176, 'Space Vegas', 1977, 'Portugal', 30, 10),
(177, 'Outraging Girls', 1999, 'Germany', 36, 3),
(178, 'Magical Miami', 1971, 'Belgium', 100, 10),
(179, 'Space Spring', 2003, 'UK', 21, 2),
(180, 'Trembling New York', 1987, 'Australia', 30, 6),
(181, 'Magical Clerk', 2012, 'Germany', 33, 8),
(182, 'Outraging Summer', 1995, 'Australia', 65, 6),
(183, 'Ugly Summer', 2002, 'Hungary', 1, 6),
(184, 'Cold New York', 1970, 'UK', 25, 3),
(185, 'Cold Heat', 1984, 'France', 1, 7),
(186, 'Cold Summer', 1979, 'USA', 13, 3),
(187, 'Magical New York', 1998, 'Italy', 20, 1),
(188, 'Cold Fall', 1968, 'Australia', 24, 8),
(189, 'Magical Clerk', 1994, 'Italy', 71, 5),
(190, 'Red Summer', 2016, 'Czech', 54, 7),
(191, 'Hot Miami', 1994, 'France', 44, 2),
(192, 'Trembling Miami', 1969, 'Czech', 70, 4),
(193, 'Wonderful Girls', 2009, 'Netherlands', 24, 2),
(194, 'Wonderful Heat', 1977, 'Austria', 29, 3),
(195, 'Space Clerk', 1976, 'Hungary', 55, 1),
(196, 'Magical Spring', 1987, 'Austria', 57, 9),
(197, 'Wonderful Fall', 2011, 'Portugal', 77, 2),
(198, 'Outraging Winter', 2009, 'Czech', 2, 8),
(199, 'Ugly Clerk', 2009, 'Netherlands', 29, 8),
(200, 'Hot Heat', 1973, 'Poland', 42, 1),
(201, 'Ugly Fall', 2005, 'Italy', 32, 5),
(202, 'Cold New York', 1983, 'Spain', 74, 8),
(203, 'Magical Winter', 1995, 'Czech', 21, 5),
(204, 'Magical Heat', 1988, 'Spain', 97, 5),
(205, 'Magical Fall', 2001, 'Belgium', 3, 2),
(206, 'Beautiful Miami', 2015, 'Spain', 96, 7),
(207, 'Hot Vegas', 1969, 'Germany', 34, 3),
(208, 'Hot Girls', 1970, 'UK', 30, 1),
(209, 'Trembling Clerk', 1980, 'Germany', 40, 7),
(210, 'Trembling Vegas', 1993, 'Spain', 43, 1),
(211, 'Red Vegas', 1971, 'France', 91, 7),
(212, 'Magical Summer', 1999, 'Portugal', 96, 5),
(213, 'Space Fall', 2017, 'Hungary', 72, 8),
(214, 'Trembling Heat', 1977, 'Germany', 53, 5),
(215, 'Beautiful Fall', 1977, 'Austria', 5, 1),
(216, 'Hot Fall', 2007, 'Germany', 20, 5),
(217, 'Ugly Summer', 2002, 'Poland', 78, 9),
(218, 'Trembling Fall', 2009, 'Hungary', 92, 10),
(219, 'Cold Winter', 1999, 'USA', 73, 8),
(220, 'Cold Heat', 1999, 'Belgium', 5, 6),
(221, 'Cold Heat', 2002, 'France', 1, 6),
(222, 'Hot New York', 1978, 'USA', 11, 3),
(223, 'Red Vegas', 2008, 'Belgium', 91, 7),
(224, 'Red Summer', 2001, 'Poland', 11, 5),
(225, 'Space New York', 2008, 'Austria', 92, 6),
(226, 'Magical Miami', 2014, 'Portugal', 30, 2),
(227, 'Trembling New York', 1977, 'Switzerland', 37, 10),
(228, 'Ugly Girls', 2009, 'Poland', 34, 10),
(229, 'Trembling Winter', 1986, 'Netherlands', 98, 6),
(230, 'Hot Miami', 1996, 'Spain', 41, 3),
(231, 'Red Heat', 1978, 'Germany', 67, 8),
(232, 'Outraging Winter', 1973, 'Czech', 62, 1),
(233, 'Beautiful Heat', 1978, 'Australia', 39, 4),
(234, 'Ugly Vegas', 2000, 'France', 77, 5),
(235, 'Hot Spring', 1994, 'UK', 43, 4),
(236, 'Wonderful Girls', 2015, 'USA', 37, 2),
(237, 'Trembling Spring', 1976, 'Belgium', 37, 9),
(238, 'Trembling New York', 1983, 'USA', 55, 2),
(239, 'Magical New York', 1991, 'Portugal', 4, 4),
(240, 'Magical New York', 1990, 'Spain', 32, 3),
(241, 'Space Heat', 1970, 'Belgium', 21, 6),
(242, 'Magical Miami', 2016, 'Australia', 64, 6),
(243, 'Ugly Clerk', 2006, 'Poland', 38, 7),
(244, 'Space Vegas', 2016, 'Spain', 59, 9),
(245, 'Space Spring', 1971, 'Belgium', 9, 2),
(246, 'Red Miami', 1976, 'Hungary', 56, 2),
(247, 'Ugly Summer', 2007, 'Switzerland', 96, 9),
(248, 'Space Winter', 2017, 'Portugal', 28, 8),
(249, 'Outraging Girls', 1998, 'USA', 88, 8),
(250, 'Trembling Spring', 1968, 'Czech', 53, 4),
(251, 'Space New York', 1984, 'Czech', 33, 8),
(252, 'Hot Fall', 2005, 'Belgium', 12, 4),
(253, 'Ugly New York', 2019, 'Belgium', 98, 2),
(254, 'Beautiful Winter', 1998, 'Italy', 95, 5),
(255, 'Outraging Winter', 2012, 'Hungary', 14, 4),
(256, 'Red Miami', 2014, 'Netherlands', 17, 9),
(257, 'Outraging Vegas', 2000, 'Germany', 94, 8),
(258, 'Red Miami', 1997, 'Netherlands', 57, 6),
(259, 'Trembling Spring', 1985, 'Poland', 32, 9),
(260, 'Hot Miami', 2018, 'Spain', 35, 10),
(261, 'Outraging Girls', 1970, 'Switzerland', 98, 10),
(262, 'Outraging Winter', 2012, 'Switzerland', 8, 7),
(263, 'Trembling Miami', 2008, 'Austria', 81, 6),
(264, 'Beautiful Spring', 2003, 'Poland', 62, 1),
(265, 'Ugly Spring', 2017, 'Czech', 90, 7),
(266, 'Wonderful Clerk', 2013, 'Poland', 11, 1),
(267, 'Beautiful Spring', 1979, 'Hungary', 83, 1),
(268, 'Magical Clerk', 1968, 'Hungary', 91, 4),
(269, 'Outraging Spring', 2014, 'Australia', 92, 9),
(270, 'Cold Summer', 2002, 'Poland', 92, 2),
(271, 'Trembling Fall', 2018, 'Italy', 92, 3),
(272, 'Space Miami', 1978, 'Portugal', 19, 3),
(273, 'Cold Clerk', 2019, 'Belgium', 62, 3),
(274, 'Cold Summer', 1982, 'Czech', 83, 1),
(275, 'Red Heat', 1983, 'Poland', 55, 10),
(276, 'Red Summer', 1999, 'Czech', 67, 6),
(277, 'Red Girls', 1968, 'Australia', 95, 2),
(278, 'Beautiful Summer', 1973, 'Belgium', 64, 8),
(279, 'Hot Winter', 1996, 'Netherlands', 70, 6),
(280, 'Cold Fall', 2004, 'Italy', 69, 3),
(281, 'Magical Winter', 1999, 'Portugal', 6, 8),
(282, 'Trembling Girls', 2001, 'UK', 84, 7),
(283, 'Hot Clerk', 1970, 'Belgium', 51, 5),
(284, 'Red Winter', 1994, 'Australia', 64, 10),
(285, 'Magical Winter', 2020, 'UK', 96, 9),
(286, 'Ugly Girls', 1987, 'Italy', 74, 9),
(287, 'Trembling Vegas', 1982, 'Germany', 64, 8),
(288, 'Wonderful New York', 1969, 'Australia', 35, 2),
(289, 'Red Girls', 1977, 'Italy', 19, 10),
(290, 'Wonderful Miami', 1999, 'Hungary', 63, 5),
(291, 'Ugly Vegas', 2002, 'UK', 17, 8),
(292, 'Beautiful Clerk', 1979, 'Hungary', 54, 6),
(293, 'Outraging Clerk', 2017, 'Hungary', 25, 1),
(294, 'Ugly Girls', 1981, 'Poland', 46, 7),
(295, 'Outraging Vegas', 2012, 'Belgium', 72, 6),
(296, 'Red Girls', 1977, 'Poland', 13, 6),
(297, 'Wonderful Heat', 1994, 'Belgium', 93, 10),
(298, 'Outraging Heat', 1973, 'Switzerland', 63, 6),
(299, 'Ugly Spring', 2003, 'Czech', 100, 7),
(300, 'Cold Winter', 1995, 'Australia', 70, 8),
(301, 'Ugly Vegas', 2019, 'Belgium', 97, 4),
(302, 'Wonderful Heat', 1982, 'France', 77, 1),
(303, 'Beautiful Vegas', 1988, 'Netherlands', 44, 4),
(304, 'Wonderful Spring', 1976, 'Austria', 99, 4),
(305, 'Beautiful Winter', 2000, 'UK', 69, 8),
(306, 'Trembling Clerk', 1988, 'Australia', 35, 5),
(307, 'Ugly Spring', 2001, 'Netherlands', 78, 4),
(308, 'Wonderful Winter', 2020, 'Spain', 83, 10),
(309, 'Trembling Clerk', 1988, 'Spain', 92, 1),
(310, 'Hot Winter', 1998, 'Austria', 3, 7),
(311, 'Hot Heat', 1988, 'UK', 55, 1),
(312, 'Cold Girls', 1981, 'Belgium', 30, 4),
(313, 'Hot Summer', 2020, 'Netherlands', 63, 2),
(314, 'Beautiful Spring', 2007, 'France', 94, 4),
(315, 'Magical Vegas', 1981, 'Netherlands', 12, 10),
(316, 'Cold New York', 2014, 'Netherlands', 20, 6),
(317, 'Beautiful Clerk', 2003, 'Australia', 73, 2),
(318, 'Beautiful Girls', 2016, 'Spain', 93, 1),
(319, 'Outraging Clerk', 2019, 'Germany', 41, 1),
(320, 'Wonderful Summer', 1974, 'Portugal', 90, 2),
(321, 'Ugly Miami', 2010, 'Czech', 3, 5),
(322, 'Ugly Clerk', 1982, 'USA', 69, 3),
(323, 'Outraging Summer', 2017, 'Portugal', 37, 4),
(324, 'Space Miami', 2020, 'Austria', 58, 4),
(325, 'Space Fall', 1984, 'Netherlands', 3, 3),
(326, 'Trembling Summer', 1990, 'Germany', 81, 1),
(327, 'Space Clerk', 1983, 'Germany', 31, 6),
(328, 'Trembling Heat', 1992, 'Portugal', 52, 9),
(329, 'Space Girls', 1977, 'Austria', 33, 8),
(330, 'Hot Girls', 2014, 'UK', 43, 10),
(331, 'Hot Summer', 1998, 'Hungary', 40, 2),
(332, 'Beautiful Summer', 2002, 'Czech', 14, 4),
(333, 'Ugly Fall', 1983, 'Poland', 33, 10),
(334, 'Red Heat', 2010, 'Spain', 32, 5),
(335, 'Beautiful New York', 1977, 'Germany', 59, 5),
(336, 'Space New York', 1987, 'UK', 85, 6),
(337, 'Ugly Vegas', 1987, 'Netherlands', 79, 1),
(338, 'Magical Girls', 1971, 'Hungary', 84, 4),
(339, 'Cold Winter', 2020, 'Spain', 22, 4),
(340, 'Space Miami', 1973, 'Poland', 52, 8),
(341, 'Outraging Girls', 2004, 'Netherlands', 54, 5),
(342, 'Wonderful Winter', 1995, 'Portugal', 10, 3),
(343, 'Outraging Vegas', 1981, 'Hungary', 63, 7),
(344, 'Cold Miami', 1982, 'USA', 4, 10),
(345, 'Beautiful Spring', 1998, 'Portugal', 92, 1),
(346, 'Hot Summer', 2018, 'Czech', 21, 6),
(347, 'Outraging Clerk', 2010, 'Spain', 93, 7),
(348, 'Trembling Spring', 2019, 'Portugal', 74, 1),
(349, 'Hot Spring', 2011, 'Poland', 37, 8),
(350, 'Outraging Spring', 1998, 'Portugal', 8, 1),
(351, 'Cold New York', 1980, 'UK', 37, 2),
(352, 'Red Heat', 1994, 'UK', 18, 6),
(353, 'Outraging Winter', 2009, 'Poland', 8, 7),
(354, 'Beautiful New York', 2012, 'USA', 53, 10),
(355, 'Cold New York', 1968, 'USA', 72, 7),
(356, 'Ugly Spring', 2010, 'Germany', 75, 7),
(357, 'Outraging Fall', 1980, 'UK', 74, 5),
(358, 'Beautiful Miami', 2012, 'Netherlands', 94, 4),
(359, 'Red Summer', 1982, 'Germany', 97, 6),
(360, 'Outraging Heat', 2019, 'UK', 59, 7),
(361, 'Cold Girls', 2008, 'Italy', 68, 5),
(362, 'Trembling New York', 2010, 'Czech', 40, 4),
(363, 'Red Fall', 1976, 'USA', 56, 4),
(364, 'Ugly Winter', 2018, 'Spain', 84, 5),
(365, 'Outraging Summer', 2011, 'USA', 14, 5),
(366, 'Wonderful Girls', 1985, 'Netherlands', 91, 1),
(367, 'Outraging Spring', 1986, 'Czech', 22, 2),
(368, 'Red Summer', 1975, 'UK', 88, 3),
(369, 'Red New York', 2004, 'UK', 95, 9),
(370, 'Red Miami', 1987, 'France', 19, 10),
(371, 'Red Clerk', 1985, 'Austria', 15, 1),
(372, 'Space Miami', 1998, 'Switzerland', 69, 1),
(373, 'Ugly Fall', 2014, 'Portugal', 64, 6),
(374, 'Ugly Heat', 2020, 'Czech', 11, 4),
(375, 'Ugly Miami', 1995, 'Switzerland', 93, 4),
(376, 'Cold Miami', 2012, 'UK', 48, 5),
(377, 'Magical Heat', 1999, 'Italy', 14, 2),
(378, 'Red Fall', 1975, 'Portugal', 23, 8),
(379, 'Magical Heat', 2008, 'Belgium', 92, 8),
(380, 'Ugly Vegas', 2002, 'Portugal', 67, 1),
(381, 'Ugly Clerk', 1989, 'UK', 32, 4),
(382, 'Beautiful Vegas', 1968, 'Netherlands', 86, 9),
(383, 'Cold Summer', 2020, 'Poland', 9, 7),
(384, 'Outraging Clerk', 1972, 'Italy', 55, 1),
(385, 'Trembling Heat', 1982, 'Belgium', 6, 10),
(386, 'Magical Fall', 2015, 'Belgium', 22, 10),
(387, 'Space Clerk', 2011, 'France', 27, 6),
(388, 'Outraging Winter', 2010, 'UK', 32, 5),
(389, 'Wonderful Fall', 2013, 'Australia', 75, 5),
(390, 'Outraging Summer', 1992, 'Portugal', 69, 4),
(391, 'Hot Fall', 1987, 'Austria', 46, 1),
(392, 'Ugly Girls', 2005, 'Belgium', 73, 2),
(393, 'Space Winter', 1999, 'Netherlands', 69, 7),
(394, 'Trembling Vegas', 2009, 'USA', 8, 10),
(395, 'Trembling Summer', 1974, 'Switzerland', 66, 9),
(396, 'Hot Clerk', 2005, 'Italy', 31, 8),
(397, 'Trembling Heat', 2008, 'UK', 42, 6),
(398, 'Beautiful Spring', 1978, 'Hungary', 7, 4),
(399, 'Cold Summer', 1993, 'Netherlands', 98, 6),
(400, 'Trembling Winter', 2018, 'Switzerland', 28, 8),
(401, 'Magical New York', 1972, 'Belgium', 82, 4),
(402, 'Red Winter', 1973, 'Czech', 58, 4),
(403, 'Ugly New York', 1979, 'Switzerland', 57, 9),
(404, 'Trembling Summer', 2015, 'Australia', 59, 5),
(405, 'Beautiful Summer', 2013, 'Australia', 63, 3),
(406, 'Outraging Heat', 1993, 'Portugal', 78, 9),
(407, 'Space Heat', 2002, 'Italy', 6, 2),
(408, 'Beautiful Winter', 1996, 'Czech', 28, 1),
(409, 'Magical Spring', 1981, 'Germany', 22, 8),
(410, 'Ugly Spring', 1981, 'USA', 62, 8),
(411, 'Magical Vegas', 1975, 'Switzerland', 43, 2),
(412, 'Outraging Summer', 1998, 'Czech', 83, 8),
(413, 'Wonderful Vegas', 1983, 'Switzerland', 59, 6),
(414, 'Hot Clerk', 1971, 'Spain', 7, 7),
(415, 'Hot Winter', 1979, 'Czech', 14, 3),
(416, 'Space Vegas', 1999, 'France', 30, 7),
(417, 'Hot Girls', 2017, 'Switzerland', 98, 1),
(418, 'Beautiful Fall', 2014, 'Austria', 84, 10),
(419, 'Hot Miami', 2005, 'Portugal', 56, 8),
(420, 'Red Clerk', 1985, 'USA', 100, 10),
(421, 'Wonderful Girls', 1984, 'Germany', 16, 5),
(422, 'Ugly Summer', 2015, 'Switzerland', 69, 3),
(423, 'Ugly Girls', 1982, 'Belgium', 29, 1),
(424, 'Magical New York', 2004, 'Spain', 61, 3),
(425, 'Ugly Miami', 1987, 'UK', 33, 1),
(426, 'Ugly Clerk', 2009, 'Germany', 79, 2),
(427, 'Cold Miami', 1987, 'France', 2, 10),
(428, 'Beautiful Spring', 1993, 'UK', 63, 2),
(429, 'Space Summer', 1984, 'Italy', 2, 3),
(430, 'Red New York', 1994, 'Netherlands', 9, 2),
(431, 'Trembling Girls', 1981, 'Poland', 61, 5),
(432, 'Trembling Fall', 1983, 'USA', 68, 1),
(433, 'Space Winter', 1983, 'Czech', 72, 1),
(434, 'Hot Winter', 1978, 'Hungary', 22, 3),
(435, 'Outraging Vegas', 1991, 'Austria', 23, 9),
(436, 'Cold New York', 1984, 'Belgium', 24, 7),
(437, 'Cold Summer', 1977, 'Poland', 40, 8),
(438, 'Red Summer', 2006, 'Belgium', 53, 5),
(439, 'Magical New York', 1998, 'Czech', 91, 6),
(440, 'Red Vegas', 2006, 'France', 67, 4),
(441, 'Trembling Girls', 2007, 'Netherlands', 21, 8),
(442, 'Wonderful Spring', 1991, 'Belgium', 47, 5),
(443, 'Hot Vegas', 2002, 'Italy', 69, 10),
(444, 'Cold Heat', 2011, 'USA', 90, 4),
(445, 'Cold Summer', 2002, 'France', 29, 6),
(446, 'Magical Vegas', 1991, 'UK', 61, 9),
(447, 'Outraging Miami', 1981, 'Czech', 10, 1),
(448, 'Cold Winter', 2006, 'UK', 39, 5),
(449, 'Red Fall', 1987, 'Hungary', 47, 1),
(450, 'Space Fall', 1991, 'Italy', 49, 2),
(451, 'Wonderful Fall', 1996, 'USA', 43, 8),
(452, 'Trembling Heat', 2003, 'USA', 24, 10),
(453, 'Ugly Miami', 2003, 'Poland', 2, 10),
(454, 'Cold Vegas', 1990, 'Italy', 74, 9),
(455, 'Beautiful Spring', 1970, 'UK', 27, 6),
(456, 'Trembling Miami', 1992, 'USA', 54, 4),
(457, 'Cold Fall', 1972, 'Austria', 27, 3),
(458, 'Wonderful Miami', 2016, 'France', 77, 1),
(459, 'Wonderful Heat', 1979, 'Poland', 40, 3),
(460, 'Magical Winter', 2014, 'USA', 22, 9),
(461, 'Outraging Miami', 2003, 'UK', 10, 7),
(462, 'Cold Girls', 2020, 'Poland', 44, 9),
(463, 'Ugly Clerk', 2015, 'Czech', 100, 5),
(464, 'Trembling Fall', 2008, 'UK', 70, 5),
(465, 'Red Vegas', 1970, 'Switzerland', 90, 7),
(466, 'Trembling Girls', 1971, 'USA', 82, 4),
(467, 'Space Girls', 2007, 'Netherlands', 20, 3),
(468, 'Wonderful Miami', 1986, 'Australia', 96, 9),
(469, 'Hot Heat', 2016, 'France', 35, 2),
(470, 'Hot Vegas', 2001, 'Hungary', 26, 10),
(471, 'Trembling Heat', 2001, 'Switzerland', 52, 3),
(472, 'Wonderful Vegas', 1984, 'Hungary', 52, 5),
(473, 'Ugly Spring', 1972, 'Spain', 81, 9),
(474, 'Magical Heat', 2000, 'Belgium', 33, 7),
(475, 'Hot Summer', 1997, 'Poland', 31, 3),
(476, 'Wonderful Clerk', 2012, 'Czech', 96, 2),
(477, 'Wonderful Miami', 1992, 'Spain', 45, 1),
(478, 'Cold Spring', 1987, 'Hungary', 75, 2),
(479, 'Space Heat', 2013, 'Australia', 24, 5),
(480, 'Magical Spring', 1993, 'Australia', 67, 7),
(481, 'Cold Clerk', 1989, 'Netherlands', 38, 9),
(482, 'Outraging Spring', 1989, 'Czech', 74, 4),
(483, 'Trembling Girls', 2010, 'Germany', 80, 3),
(484, 'Ugly Fall', 1987, 'Germany', 7, 6),
(485, 'Beautiful Winter', 1970, 'Austria', 66, 7),
(486, 'Beautiful Spring', 1986, 'Australia', 60, 9),
(487, 'Ugly Girls', 2008, 'Czech', 89, 2),
(488, 'Hot Heat', 2001, 'Germany', 32, 7),
(489, 'Ugly Clerk', 2012, 'Australia', 82, 2),
(490, 'Magical Fall', 1992, 'UK', 88, 1),
(491, 'Beautiful New York', 2018, 'Belgium', 16, 1),
(492, 'Magical Spring', 2013, 'Germany', 4, 2),
(493, 'Outraging Clerk', 1990, 'Czech', 6, 6),
(494, 'Wonderful Fall', 1982, 'Czech', 91, 3),
(495, 'Trembling Miami', 1981, 'Netherlands', 55, 9),
(496, 'Space Vegas', 1992, 'USA', 5, 8),
(497, 'Space Vegas', 1971, 'Netherlands', 89, 6),
(498, 'Space Fall', 2007, 'Germany', 29, 2),
(499, 'Hot Girls', 1999, 'Czech', 67, 3),
(500, 'Magical Vegas', 1998, 'Italy', 33, 4),
(501, 'Beautiful Vegas', 1973, 'France', 71, 8),
(502, 'Wonderful Miami', 1988, 'Spain', 20, 2),
(503, 'Hot Fall', 1999, 'Belgium', 78, 3),
(504, 'Cold Summer', 2013, 'France', 27, 3),
(505, 'Beautiful Clerk', 2005, 'Netherlands', 59, 5),
(506, 'Cold Clerk', 2017, 'France', 31, 4),
(507, 'Trembling Girls', 1969, 'Portugal', 84, 3),
(508, 'Magical New York', 1984, 'Australia', 12, 8),
(509, 'Beautiful Fall', 1987, 'Portugal', 79, 5),
(510, 'Space New York', 1993, 'Portugal', 82, 10),
(511, 'Wonderful New York', 1986, 'Hungary', 70, 6),
(512, 'Space Fall', 1986, 'Netherlands', 40, 7),
(513, 'Magical New York', 1989, 'UK', 22, 5),
(514, 'Hot Vegas', 2010, 'Poland', 9, 2),
(515, 'Cold Spring', 2005, 'Poland', 46, 5),
(516, 'Trembling Vegas', 1978, 'Germany', 49, 4),
(517, 'Cold Spring', 1994, 'Germany', 83, 7),
(518, 'Beautiful Miami', 1982, 'Australia', 18, 2),
(519, 'Cold Miami', 1997, 'Germany', 14, 9),
(520, 'Red Heat', 1990, 'Germany', 75, 8),
(521, 'Red Clerk', 1979, 'Switzerland', 70, 1),
(522, 'Beautiful Heat', 1976, 'Italy', 37, 1),
(523, 'Space Vegas', 1992, 'Czech', 31, 6),
(524, 'Beautiful New York', 1972, 'Portugal', 55, 1),
(525, 'Hot Clerk', 1973, 'Italy', 22, 8),
(526, 'Ugly Clerk', 1971, 'Portugal', 26, 5),
(527, 'Outraging Heat', 1979, 'Australia', 25, 1),
(528, 'Ugly Fall', 2018, 'Spain', 95, 1),
(529, 'Cold Vegas', 1973, 'Spain', 24, 1),
(530, 'Wonderful Clerk', 2006, 'Portugal', 40, 8),
(531, 'Red Spring', 1968, 'Austria', 57, 2),
(532, 'Ugly Fall', 1989, 'France', 61, 2),
(533, 'Magical Fall', 1992, 'Spain', 52, 9),
(534, 'Hot Winter', 1990, 'Austria', 28, 6),
(535, 'Beautiful Fall', 1987, 'Spain', 58, 1),
(536, 'Beautiful Fall', 2011, 'Italy', 68, 4),
(537, 'Wonderful Girls', 2017, 'Hungary', 95, 3),
(538, 'Beautiful Girls', 1998, 'Netherlands', 32, 1),
(539, 'Outraging Summer', 2010, 'Germany', 39, 6),
(540, 'Trembling Miami', 1988, 'France', 73, 8),
(541, 'Red Heat', 2008, 'Switzerland', 36, 8),
(542, 'Outraging New York', 1981, 'Hungary', 55, 1),
(543, 'Hot Summer', 2004, 'UK', 57, 4),
(544, 'Ugly Winter', 2012, 'Hungary', 69, 7),
(545, 'Hot Vegas', 2005, 'UK', 13, 1),
(546, 'Beautiful New York', 1987, 'Portugal', 40, 7),
(547, 'Outraging Spring', 1973, 'France', 21, 1),
(548, 'Cold Winter', 1974, 'USA', 60, 9),
(549, 'Red Winter', 1973, 'UK', 74, 4),
(550, 'Wonderful Winter', 2007, 'Portugal', 58, 5),
(551, 'Magical Winter', 2019, 'Austria', 53, 3),
(552, 'Hot New York', 1975, 'Belgium', 32, 1),
(553, 'Hot Miami', 1968, 'France', 20, 4),
(565, 'film1', 2022, 'Russia', 100, 10),
(567, 'film2', 2023, 'Russia', 100, 10),
(569, 'film2', 2023, 'Russia', 100, 10),
(570, 'film2', 2023, 'Russia', 100, 10),
(571, 'a film', 2022, 'russia', 100, 10),
(572, 'a film', 2022, 'russia', 100, 10);

-- --------------------------------------------------------

--
-- Структура таблицы `films-actors`
--

CREATE TABLE `films-actors` (
  `ID_pair` int(11) NOT NULL,
  `ID_actor` int(11) NOT NULL,
  `ID_film` int(11) NOT NULL
) ENGINE=InnoDB DEFAULT CHARSET=utf8mb3;

--
-- Дамп данных таблицы `films-actors`
--

INSERT INTO `films-actors` (`ID_pair`, `ID_actor`, `ID_film`) VALUES
(1, 40, 19),
(2, 27, 24),
(3, 32, 19),
(4, 4, 38),
(5, 19, 3),
(6, 50, 10),
(7, 28, 8),
(8, 45, 10),
(9, 16, 35),
(10, 26, 12),
(11, 38, 47),
(12, 13, 21),
(13, 49, 50),
(14, 16, 41),
(15, 28, 26),
(16, 11, 21),
(17, 46, 21),
(18, 28, 37),
(19, 34, 47),
(20, 40, 18),
(21, 13, 13),
(22, 41, 9),
(23, 1, 7),
(24, 35, 45),
(25, 11, 14),
(26, 8, 9),
(27, 29, 30),
(28, 15, 25),
(29, 14, 22),
(30, 42, 13),
(31, 19, 13),
(32, 28, 44),
(33, 25, 43),
(34, 24, 45),
(35, 38, 9),
(36, 35, 1),
(37, 11, 16),
(38, 27, 2),
(39, 26, 7),
(40, 50, 14),
(41, 42, 35),
(42, 33, 37),
(43, 50, 35),
(44, 11, 33),
(45, 23, 15),
(46, 3, 27),
(47, 6, 48),
(48, 30, 3),
(49, 10, 34),
(50, 25, 14),
(51, 46, 23),
(52, 42, 34),
(53, 16, 35),
(54, 26, 12),
(55, 2, 10),
(56, 10, 31),
(57, 41, 10),
(58, 26, 50),
(59, 28, 49),
(60, 44, 34),
(61, 20, 25),
(62, 31, 1),
(63, 23, 18),
(64, 9, 26),
(65, 18, 1),
(66, 9, 22),
(67, 1, 20),
(68, 15, 38),
(69, 11, 34),
(70, 50, 29),
(71, 8, 28),
(72, 20, 42),
(73, 30, 26),
(74, 43, 49),
(75, 38, 33),
(76, 24, 41),
(77, 34, 27),
(78, 50, 30),
(79, 24, 27),
(80, 44, 21),
(81, 47, 39),
(82, 19, 42),
(83, 24, 11),
(84, 48, 44),
(85, 34, 8),
(86, 15, 26),
(87, 35, 10),
(88, 33, 35),
(89, 8, 32),
(90, 18, 10),
(91, 10, 42),
(92, 48, 43),
(93, 15, 49),
(94, 8, 9),
(95, 18, 28),
(96, 48, 28),
(97, 16, 45),
(98, 7, 31),
(99, 44, 44),
(100, 31, 20),
(101, 35, 9),
(102, 46, 9),
(103, 9, 12),
(104, 17, 36),
(105, 22, 50),
(106, 35, 34),
(107, 14, 10),
(108, 21, 4),
(109, 14, 30),
(110, 38, 49),
(111, 7, 32),
(112, 25, 41),
(113, 48, 20),
(114, 34, 40),
(115, 47, 31),
(116, 10, 25),
(117, 19, 22),
(118, 35, 27),
(119, 17, 38),
(120, 33, 15),
(121, 17, 26),
(122, 25, 47),
(123, 15, 12),
(124, 33, 5),
(125, 8, 46),
(126, 13, 11),
(127, 34, 36),
(128, 11, 38),
(129, 46, 36),
(130, 29, 34),
(131, 31, 37),
(132, 23, 22),
(133, 45, 47),
(134, 11, 27),
(135, 30, 29),
(136, 47, 43),
(137, 48, 12),
(138, 13, 10),
(139, 38, 8),
(140, 46, 1),
(141, 20, 11),
(142, 35, 15),
(143, 9, 30),
(144, 49, 7),
(145, 5, 1),
(146, 19, 16),
(147, 42, 2),
(148, 7, 12),
(149, 37, 4),
(150, 12, 31),
(151, 8, 49),
(152, 45, 16),
(153, 5, 2),
(154, 42, 28),
(155, 26, 39),
(156, 12, 49),
(157, 22, 1),
(158, 49, 14),
(159, 21, 32),
(160, 26, 18),
(161, 49, 37),
(162, 40, 31),
(163, 48, 33),
(164, 18, 34),
(165, 12, 36),
(166, 3, 34),
(167, 47, 18),
(168, 17, 46),
(169, 22, 23),
(170, 49, 36),
(171, 34, 32),
(172, 15, 17),
(173, 2, 47),
(174, 22, 22),
(175, 28, 38),
(176, 19, 48),
(177, 14, 18),
(178, 50, 39),
(179, 18, 2),
(180, 29, 41),
(181, 49, 40),
(182, 37, 36),
(183, 26, 46),
(184, 22, 33),
(185, 22, 22),
(186, 35, 11),
(187, 28, 30),
(188, 8, 16),
(189, 25, 44),
(190, 44, 36),
(191, 18, 50),
(192, 23, 7),
(193, 40, 22),
(194, 33, 33),
(195, 34, 36),
(196, 46, 46),
(197, 15, 1),
(198, 8, 14),
(199, 20, 16),
(200, 36, 42),
(201, 29, 24),
(202, 32, 19),
(203, 5, 34),
(204, 31, 36),
(205, 2, 34),
(206, 4, 38),
(207, 24, 11),
(208, 48, 34),
(209, 1, 40),
(210, 16, 3),
(211, 22, 31),
(212, 24, 25),
(213, 36, 35),
(214, 46, 46),
(215, 41, 36),
(216, 16, 34),
(217, 14, 17),
(218, 17, 19),
(219, 6, 34),
(220, 15, 4),
(221, 2, 46),
(222, 25, 41),
(223, 29, 13),
(224, 44, 34),
(225, 31, 17),
(226, 3, 33),
(227, 9, 6),
(228, 34, 42),
(229, 28, 3),
(230, 29, 21),
(231, 1, 35),
(232, 17, 18),
(233, 45, 8),
(234, 22, 34),
(235, 26, 39),
(236, 14, 43),
(237, 31, 15),
(238, 31, 19),
(239, 30, 12),
(240, 26, 39),
(241, 16, 27),
(242, 15, 24),
(243, 14, 12),
(244, 5, 23),
(245, 18, 22),
(246, 39, 44),
(247, 23, 34),
(248, 29, 20),
(249, 44, 30),
(250, 40, 35),
(251, 2, 35),
(252, 38, 1),
(253, 15, 47),
(254, 40, 20),
(255, 23, 6),
(256, 14, 26),
(257, 7, 49),
(258, 49, 7),
(259, 6, 23),
(260, 47, 8),
(261, 38, 24),
(262, 22, 21),
(263, 38, 8),
(264, 43, 3),
(265, 49, 2),
(266, 30, 10),
(267, 33, 23),
(268, 16, 44),
(269, 11, 28),
(270, 29, 37),
(271, 18, 41),
(272, 32, 2),
(273, 10, 4),
(274, 21, 43),
(275, 49, 19),
(276, 40, 12),
(277, 19, 16),
(278, 35, 40),
(279, 21, 29),
(280, 11, 10),
(281, 36, 37),
(282, 18, 25),
(283, 17, 29),
(284, 31, 26),
(285, 47, 15),
(286, 18, 46),
(287, 24, 23),
(288, 2, 5),
(289, 16, 7),
(290, 9, 32),
(291, 33, 30),
(292, 2, 43),
(293, 6, 31),
(294, 41, 3),
(295, 40, 43),
(296, 34, 44),
(297, 16, 16),
(298, 1, 42),
(299, 20, 7),
(300, 4, 5),
(301, 32, 4),
(302, 33, 10),
(303, 19, 6),
(304, 41, 12),
(305, 5, 12),
(306, 15, 36),
(307, 8, 35),
(308, 33, 49),
(309, 17, 41),
(310, 18, 43),
(311, 24, 4),
(312, 17, 30),
(313, 18, 30),
(314, 14, 15),
(315, 21, 49),
(316, 21, 49),
(317, 20, 3),
(318, 41, 34),
(319, 25, 14),
(320, 42, 25),
(321, 32, 42),
(322, 35, 45),
(323, 8, 27),
(324, 41, 12),
(325, 24, 44),
(326, 47, 30),
(327, 13, 33),
(328, 43, 21),
(329, 17, 33),
(330, 25, 33),
(331, 24, 29),
(332, 29, 13),
(333, 28, 45),
(334, 38, 37),
(335, 35, 11),
(336, 47, 41),
(337, 17, 46),
(338, 9, 7),
(339, 16, 48),
(340, 44, 48),
(341, 9, 23),
(342, 30, 5),
(343, 33, 23),
(344, 35, 19),
(345, 20, 38),
(346, 45, 19),
(347, 11, 24),
(348, 27, 37),
(349, 10, 8),
(350, 9, 36),
(351, 19, 49),
(352, 35, 37),
(353, 48, 20),
(354, 37, 13),
(355, 50, 14),
(356, 11, 31),
(357, 14, 26),
(358, 10, 47),
(359, 5, 29),
(360, 42, 10),
(361, 35, 26),
(362, 2, 22),
(363, 1, 33),
(364, 7, 7),
(365, 19, 2),
(366, 29, 12),
(367, 45, 48),
(368, 50, 34),
(369, 39, 27),
(370, 23, 43),
(371, 18, 13),
(372, 25, 16),
(373, 46, 23),
(374, 31, 49),
(375, 50, 25),
(376, 4, 6),
(377, 30, 46),
(378, 31, 18),
(379, 1, 8),
(380, 6, 18),
(381, 32, 22),
(382, 35, 2),
(383, 6, 20),
(384, 36, 34),
(385, 7, 12),
(386, 22, 40),
(387, 30, 32),
(388, 14, 24),
(389, 49, 23),
(390, 3, 37),
(391, 38, 48),
(392, 11, 48),
(393, 45, 28),
(394, 50, 43),
(395, 23, 38),
(396, 5, 22),
(397, 6, 2),
(398, 11, 23),
(399, 29, 2),
(400, 33, 1),
(401, 7, 46),
(402, 11, 21),
(403, 45, 11),
(404, 21, 36),
(405, 19, 49),
(406, 10, 39),
(407, 8, 21),
(408, 2, 2),
(409, 46, 4),
(410, 8, 12),
(411, 38, 8),
(412, 16, 35),
(413, 29, 5),
(414, 6, 23),
(415, 36, 8),
(416, 3, 30),
(417, 20, 21),
(418, 29, 43),
(419, 50, 25),
(420, 50, 38),
(421, 14, 6),
(422, 23, 2),
(423, 4, 15),
(424, 6, 1),
(425, 12, 13),
(426, 6, 12),
(427, 17, 27),
(428, 3, 6),
(429, 44, 2),
(430, 23, 26),
(431, 35, 35),
(432, 30, 24),
(433, 44, 19),
(434, 47, 35),
(435, 14, 11),
(436, 32, 12),
(437, 31, 7),
(438, 37, 24),
(439, 15, 2),
(440, 21, 30),
(441, 48, 12),
(442, 19, 6),
(443, 1, 10),
(444, 44, 38),
(445, 43, 14),
(446, 7, 33),
(447, 30, 30),
(448, 28, 32),
(449, 12, 47),
(450, 11, 39),
(451, 50, 19),
(452, 9, 39),
(453, 39, 5),
(454, 36, 1),
(455, 44, 24),
(456, 19, 42),
(457, 10, 11),
(458, 24, 35),
(459, 44, 39),
(460, 19, 12),
(461, 7, 3),
(462, 10, 3),
(463, 15, 1),
(464, 14, 13),
(465, 2, 34),
(466, 20, 49),
(467, 46, 41),
(468, 48, 10),
(469, 39, 37),
(470, 30, 45),
(471, 19, 18),
(472, 22, 44),
(473, 19, 28),
(474, 31, 38),
(475, 8, 27),
(476, 20, 17),
(477, 41, 3),
(478, 17, 6),
(479, 29, 20),
(480, 20, 33),
(481, 4, 8),
(482, 20, 3),
(483, 19, 9),
(484, 14, 4),
(485, 16, 18),
(486, 26, 41),
(487, 41, 19),
(488, 35, 48),
(489, 17, 35),
(490, 4, 14),
(491, 19, 44),
(492, 27, 12),
(493, 49, 35),
(494, 18, 46),
(495, 41, 35),
(496, 38, 33),
(497, 45, 27),
(498, 13, 28),
(499, 10, 6),
(500, 23, 28),
(501, 1, 46),
(502, 16, 4),
(503, 1, 1),
(504, 1, 1),
(505, 1, 1);

-- --------------------------------------------------------

--
-- Структура таблицы `users`
--

CREATE TABLE `users` (
  `user_id` int(3) NOT NULL,
  `login` varchar(100) NOT NULL,
  `password` varchar(64) NOT NULL
) ENGINE=InnoDB DEFAULT CHARSET=utf8mb3;

--
-- Дамп данных таблицы `users`
--

INSERT INTO `users` (`user_id`, `login`, `password`) VALUES
(1, 'egor', 'sa9G/AgJwBVMo');

--
-- Индексы сохранённых таблиц
--

--
-- Индексы таблицы `actors`
--
ALTER TABLE `actors`
  ADD PRIMARY KEY (`ID_actor`);

--
-- Индексы таблицы `actors_family`
--
ALTER TABLE `actors_family`
  ADD PRIMARY KEY (`ID_family`),
  ADD KEY `ID_actor` (`ID_actor`);

--
-- Индексы таблицы `awards`
--
ALTER TABLE `awards`
  ADD PRIMARY KEY (`ID_awards`),
  ADD KEY `ID_film` (`ID_film`);

--
-- Индексы таблицы `films`
--
ALTER TABLE `films`
  ADD PRIMARY KEY (`ID_film`);

--
-- Индексы таблицы `films-actors`
--
ALTER TABLE `films-actors`
  ADD PRIMARY KEY (`ID_pair`),
  ADD KEY `ID_actor` (`ID_actor`),
  ADD KEY `ID_film` (`ID_film`);

--
-- Индексы таблицы `users`
--
ALTER TABLE `users`
  ADD PRIMARY KEY (`user_id`);

--
-- AUTO_INCREMENT для сохранённых таблиц
--

--
-- AUTO_INCREMENT для таблицы `actors`
--
ALTER TABLE `actors`
  MODIFY `ID_actor` int(11) NOT NULL AUTO_INCREMENT, AUTO_INCREMENT=582;

--
-- AUTO_INCREMENT для таблицы `actors_family`
--
ALTER TABLE `actors_family`
  MODIFY `ID_family` int(11) NOT NULL AUTO_INCREMENT, AUTO_INCREMENT=358;

--
-- AUTO_INCREMENT для таблицы `awards`
--
ALTER TABLE `awards`
  MODIFY `ID_awards` int(11) NOT NULL AUTO_INCREMENT, AUTO_INCREMENT=103;

--
-- AUTO_INCREMENT для таблицы `films`
--
ALTER TABLE `films`
  MODIFY `ID_film` int(11) NOT NULL AUTO_INCREMENT, AUTO_INCREMENT=573;

--
-- AUTO_INCREMENT для таблицы `films-actors`
--
ALTER TABLE `films-actors`
  MODIFY `ID_pair` int(11) NOT NULL AUTO_INCREMENT, AUTO_INCREMENT=506;

--
-- AUTO_INCREMENT для таблицы `users`
--
ALTER TABLE `users`
  MODIFY `user_id` int(3) NOT NULL AUTO_INCREMENT, AUTO_INCREMENT=2;

--
-- Ограничения внешнего ключа сохраненных таблиц
--

--
-- Ограничения внешнего ключа таблицы `actors_family`
--
ALTER TABLE `actors_family`
  ADD CONSTRAINT `actors_family_ibfk_1` FOREIGN KEY (`ID_actor`) REFERENCES `actors` (`ID_actor`);

--
-- Ограничения внешнего ключа таблицы `awards`
--
ALTER TABLE `awards`
  ADD CONSTRAINT `awards_ibfk_1` FOREIGN KEY (`ID_film`) REFERENCES `films` (`ID_film`);

--
-- Ограничения внешнего ключа таблицы `films-actors`
--
ALTER TABLE `films-actors`
  ADD CONSTRAINT `films-actors_ibfk_1` FOREIGN KEY (`ID_actor`) REFERENCES `actors` (`ID_actor`),
  ADD CONSTRAINT `films-actors_ibfk_2` FOREIGN KEY (`ID_film`) REFERENCES `films` (`ID_film`);
COMMIT;

/*!40101 SET CHARACTER_SET_CLIENT=@OLD_CHARACTER_SET_CLIENT */;
/*!40101 SET CHARACTER_SET_RESULTS=@OLD_CHARACTER_SET_RESULTS */;
/*!40101 SET COLLATION_CONNECTION=@OLD_COLLATION_CONNECTION */;
